[
{
  "model": "admin.logentry",
  "pk": 1,
  "fields": {
    "action_time": "2025-08-14T12:42:46.302Z",
    "user": 2,
    "content_type": 7,
    "object_id": "7",
    "object_repr": "Sayaji Garden Parking",
    "action_flag": 3,
    "change_message": ""
  }
},
{
  "model": "admin.logentry",
  "pk": 2,
  "fields": {
    "action_time": "2025-08-18T20:19:05.565Z",
    "user": 6,
    "content_type": 8,
    "object_id": "49",
    "object_repr": " - Mandvi Market Parking",
    "action_flag": 3,
    "change_message": ""
  }
},
{
  "model": "admin.logentry",
  "pk": 3,
  "fields": {
    "action_time": "2025-08-19T13:01:01.283Z",
    "user": 6,
    "content_type": 8,
    "object_id": "51",
    "object_repr": "s@gmail.com - Mandvi Market Parking",
    "action_flag": 2,
    "change_message": "[{\"changed\": {\"fields\": [\"Name\"]}}]"
  }
},
{
  "model": "admin.logentry",
  "pk": 4,
  "fields": {
    "action_time": "2025-08-19T13:47:29.817Z",
    "user": 6,
    "content_type": 13,
    "object_id": "1",
    "object_repr": "Review by Karelibaug - 5 stars",
    "action_flag": 2,
    "change_message": "[{\"changed\": {\"fields\": [\"Approved\"]}}]"
  }
},
{
  "model": "admin.logentry",
  "pk": 5,
  "fields": {
    "action_time": "2025-08-19T14:10:11.053Z",
    "user": 6,
    "content_type": 13,
    "object_id": "2",
    "object_repr": "Review by Vasna - 5 stars",
    "action_flag": 3,
    "change_message": ""
  }
},
{
  "model": "admin.logentry",
  "pk": 6,
  "fields": {
    "action_time": "2025-08-19T14:10:11.053Z",
    "user": 6,
    "content_type": 13,
    "object_id": "1",
    "object_repr": "Review by Karelibaug - 5 stars",
    "action_flag": 3,
    "change_message": ""
  }
},
{
  "model": "admin.logentry",
  "pk": 7,
  "fields": {
    "action_time": "2025-08-19T18:29:20.994Z",
    "user": 2,
    "content_type": 4,
    "object_id": "1",
    "object_repr": "s",
    "action_flag": 2,
    "change_message": "[{\"changed\": {\"fields\": [\"Active\", \"Staff status\"]}}]"
  }
},
{
  "model": "admin.logentry",
  "pk": 8,
  "fields": {
    "action_time": "2025-08-19T18:30:32.690Z",
    "user": 2,
    "content_type": 4,
    "object_id": "1",
    "object_repr": "s",
    "action_flag": 2,
    "change_message": "[{\"changed\": {\"fields\": [\"Active\", \"Staff status\"]}}]"
  }
},
{
  "model": "admin.logentry",
  "pk": 9,
  "fields": {
    "action_time": "2025-08-19T18:30:40.496Z",
    "user": 2,
    "content_type": 4,
    "object_id": "1",
    "object_repr": "s",
    "action_flag": 2,
    "change_message": "[{\"changed\": {\"fields\": [\"Staff status\"]}}]"
  }
},
{
  "model": "admin.logentry",
  "pk": 10,
  "fields": {
    "action_time": "2025-08-19T18:31:17.032Z",
    "user": 2,
    "content_type": 8,
    "object_id": "53",
    "object_repr": "s@gmail.com - Maninagar Station Parking",
    "action_flag": 2,
    "change_message": "[{\"changed\": {\"fields\": [\"Name\"]}}]"
  }
},
{
  "model": "admin.logentry",
  "pk": 11,
  "fields": {
    "action_time": "2025-08-20T16:15:32.952Z",
    "user": 2,
    "content_type": 4,
    "object_id": "1",
    "object_repr": "s",
    "action_flag": 2,
    "change_message": "[{\"changed\": {\"fields\": [\"Staff status\"]}}]"
  }
},
{
  "model": "auth.user",
  "pk": 1,
  "fields": {
    "password": "pbkdf2_sha256$1000000$Ei7KKCIKSQDvWYUAVaaE51$FGZV/ye97sL9CsW3VF5B2hKsPlN9w1Tl+emWVSMW+bc=",
    "last_login": "2025-08-20T16:15:12Z",
    "is_superuser": false,
    "username": "s",
    "first_name": "",
    "last_name": "",
    "email": "s@gmail.com",
    "is_staff": false,
    "is_active": true,
    "date_joined": "2025-08-12T20:37:21Z",
    "groups": [],
    "user_permissions": []
  }
},
{
  "model": "auth.user",
  "pk": 2,
  "fields": {
    "password": "pbkdf2_sha256$1000000$rxWgtdMkE8aEMP79ffGgKd$G7A4S1H2bh6bedf1l/+pshgqtJBazUXSJ/zvD/KkU8Q=",
    "last_login": "2025-08-20T16:15:21.719Z",
    "is_superuser": true,
    "username": "ss",
    "first_name": "",
    "last_name": "",
    "email": "",
    "is_staff": true,
    "is_active": true,
    "date_joined": "2025-08-12T20:41:57.511Z",
    "groups": [],
    "user_permissions": []
  }
},
{
  "model": "auth.user",
  "pk": 3,
  "fields": {
    "password": "pbkdf2_sha256$1000000$RJ1Juz2Se7dNv7oVoS0KyJ$AKbmeKu7LozN/6JUiKOtZRnNy+D/9yBIgwduvt8B3aI=",
    "last_login": null,
    "is_superuser": false,
    "username": "g",
    "first_name": "",
    "last_name": "",
    "email": "g@gmail.com",
    "is_staff": false,
    "is_active": true,
    "date_joined": "2025-08-12T20:47:54.190Z",
    "groups": [],
    "user_permissions": []
  }
},
{
  "model": "auth.user",
  "pk": 4,
  "fields": {
    "password": "pbkdf2_sha256$1000000$KAdMte4oeEzc4L6Dv8MZSl$bkWUnYDUWrvaUcDpt/m90CE2tiY61PJOv47YMKJRAZQ=",
    "last_login": null,
    "is_superuser": false,
    "username": "m",
    "first_name": "",
    "last_name": "",
    "email": "sarjanshah5@gmail.com",
    "is_staff": false,
    "is_active": true,
    "date_joined": "2025-08-12T20:54:06.908Z",
    "groups": [],
    "user_permissions": []
  }
},
{
  "model": "auth.user",
  "pk": 5,
  "fields": {
    "password": "pbkdf2_sha256$1000000$FhgpsIxZamiMvZ1BLsnSp2$ZJ6uINEClBIj0k/21PWmJm7pR74WkMFHVI3bP5WmXJM=",
    "last_login": null,
    "is_superuser": false,
    "username": "q",
    "first_name": "",
    "last_name": "",
    "email": "spottedghost65@gmail.com",
    "is_staff": false,
    "is_active": true,
    "date_joined": "2025-08-12T20:55:22.326Z",
    "groups": [],
    "user_permissions": []
  }
},
{
  "model": "auth.user",
  "pk": 6,
  "fields": {
    "password": "pbkdf2_sha256$1000000$S1MaQf8W9Sf8D58ipjRiwN$NoDVpCfyafJVGwId792pYm90GZc2B2YHTYIB8EJEYak=",
    "last_login": "2025-08-14T21:35:21.249Z",
    "is_superuser": true,
    "username": "sarjanshah",
    "first_name": "",
    "last_name": "",
    "email": "",
    "is_staff": true,
    "is_active": true,
    "date_joined": "2025-08-14T21:35:03.024Z",
    "groups": [],
    "user_permissions": []
  }
},
{
  "model": "auth.user",
  "pk": 7,
  "fields": {
    "password": "pbkdf2_sha256$1000000$aQef1GkGZRdh3n1OEJlVZF$EU4johW6QRSyf8A9zWGxH6MVZTcGVQmp1LJ+PfMnh+c=",
    "last_login": null,
    "is_superuser": false,
    "username": "sarjanshah14",
    "first_name": "",
    "last_name": "",
    "email": "shahsarjan968@gmail.com",
    "is_staff": false,
    "is_active": true,
    "date_joined": "2025-08-19T12:30:29.510Z",
    "groups": [],
    "user_permissions": []
  }
},
{
  "model": "sessions.session",
  "pk": "2rx6qerhiw6f03lzih28umh5sweuv3ux",
  "fields": {
    "session_data": ".eJxVjDsOwjAQBe_iGllxsvGHkj5nsHa9axxAtpRPhbg7ipQC2jcz760i7luJ-ypLnFldlVWX340wPaUegB9Y702nVrdlJn0o-qSrnhrL63a6fwcF13LUljryIfDgAI2lZGlg54HC2AN55BBMn41DoBECCIhhZGs6AZslk_p8Aeb0OEE:1umfbV:kfCYjPk_FbO4jIiidq0V_siLwUFloXTFKcu_Eq6G8H8",
    "expire_date": "2025-08-28T21:35:21.250Z"
  }
},
{
  "model": "sessions.session",
  "pk": "7p6g42rvd9nks7q6j5ofxam1wy62bsny",
  "fields": {
    "session_data": ".eJxVjEEOwiAQRe_C2hCYMggu3fcMZGCmUjVtUtqV8e7apAvd_vfef6lE21rT1mRJI6uLAnX63TKVh0w74DtNt1mXeVqXMetd0Qdtup9ZntfD_Tuo1Oq3tkylwJm860LoikO2xvmBCVGitxKdYTbI5CkDEUZBEgDTmTBEQFDvD-epN78:1uoR4w:61SfBAF8qsVYnh_hiBrMW6krfdc3NKp_q9oA5yg-_ZQ",
    "expire_date": "2025-09-02T18:29:02.842Z"
  }
},
{
  "model": "sessions.session",
  "pk": "yam4pitou4hqmdi58hqvrpskts8jy31z",
  "fields": {
    "session_data": ".eJxVjEEOwiAQRe_C2hCYMggu3fcMZGCmUjVtUtqV8e7apAvd_vfef6lE21rT1mRJI6uLAnX63TKVh0w74DtNt1mXeVqXMetd0Qdtup9ZntfD_Tuo1Oq3tkylwJm860LoikO2xvmBCVGitxKdYTbI5CkDEUZBEgDTmTBEQFDvD-epN78:1uolT7:4me1dUKcQmmO3r4KjCQSdwaEqwmrki_cnruLG9L_oE4",
    "expire_date": "2025-09-03T16:15:21.719Z"
  }
},
{
  "model": "premises.premise",
  "pk": 1,
  "fields": {
    "name": "RTO Circle Parking",
    "location": "RTO Circle, Vadodara",
    "latitude": 22.3072,
    "longitude": 73.1812,
    "image": "https://images.pexels.com/photos/449609/pexels-photo-449609.jpeg",
    "price": "₹15/hour",
    "available": 37,
    "total": 50,
    "features": [
      "CCTV",
      "Security",
      "EV Charging"
    ],
    "rating": 4.3,
    "description": "Safe parking near RTO Circle with 24/7 surveillance."
  }
},
{
  "model": "premises.premise",
  "pk": 2,
  "fields": {
    "name": "Mandvi Market Parking",
    "location": "Mandvi Market, Vadodara",
    "latitude": 22.3143,
    "longitude": 73.1779,
    "image": "https://images.pexels.com/photos/373543/pexels-photo-373543.jpeg",
    "price": "₹20/hour",
    "available": 26,
    "total": 40,
    "features": [
      "CCTV",
      "WiFi"
    ],
    "rating": 4.0,
    "description": "Convenient parking for shoppers at Mandvi Market."
  }
},
{
  "model": "premises.premise",
  "pk": 3,
  "fields": {
    "name": "Alkapuri Parking",
    "location": "Alkapuri, Vadodara",
    "latitude": 22.3045,
    "longitude": 73.181,
    "image": "https://images.pexels.com/photos/164595/pexels-photo-164595.jpeg",
    "price": "₹25/hour",
    "available": 12,
    "total": 30,
    "features": [
      "Security",
      "CCTV"
    ],
    "rating": 4.5,
    "description": "Premium parking in Alkapuri with high security."
  }
},
{
  "model": "premises.premise",
  "pk": 4,
  "fields": {
    "name": "Sayaji Garden Parking",
    "location": "Sayaji Garden, Vadodara",
    "latitude": 22.3049,
    "longitude": 73.1802,
    "image": "https://images.pexels.com/photos/356378/pexels-photo-356378.jpeg",
    "price": "₹18/hour",
    "available": 25,
    "total": 35,
    "features": [
      "CCTV",
      "WiFi",
      "EV Charging"
    ],
    "rating": 4.4,
    "description": "Close to Sayaji Garden, safe and secure parking."
  }
},
{
  "model": "premises.premise",
  "pk": 5,
  "fields": {
    "name": "Racecourse Road Parking",
    "location": "Racecourse Road, Vadodara",
    "latitude": 22.3067,
    "longitude": 73.1821,
    "image": "https://images.pexels.com/photos/1643383/pexels-photo-1643383.jpeg",
    "price": "₹22/hour",
    "available": 14,
    "total": 25,
    "features": [
      "Security",
      "CCTV",
      "EV Charging"
    ],
    "rating": 4.6,
    "description": "Premium parking near Racecourse Road with CCTV surveillance."
  }
},
{
  "model": "premises.premise",
  "pk": 6,
  "fields": {
    "name": "Alkapuri Mall Parking",
    "location": "Alkapuri, Vadodara",
    "latitude": 22.3107,
    "longitude": 73.1812,
    "image": "https://example.com/alkapuri.jpg",
    "price": "₹20/hour",
    "available": 46,
    "total": 60,
    "features": [
      "CCTV",
      "24/7 Security",
      "Covered Parking"
    ],
    "rating": 4.3,
    "description": "Well-maintained parking near Alkapuri mall."
  }
},
{
  "model": "premises.premise",
  "pk": 8,
  "fields": {
    "name": "Vadodara Railway Station Parking",
    "location": "Railway Station, Vadodara",
    "latitude": 22.3109,
    "longitude": 73.1805,
    "image": "https://example.com/railway.jpg",
    "price": "₹25/hour",
    "available": 60,
    "total": 80,
    "features": [
      "CCTV",
      "24/7 Access",
      "Near Transport"
    ],
    "rating": 4.0,
    "description": "Convenient parking at Vadodara Railway Station."
  }
},
{
  "model": "premises.premise",
  "pk": 9,
  "fields": {
    "name": "Fatehgunj Market Parking",
    "location": "Fatehgunj, Vadodara",
    "latitude": 22.3205,
    "longitude": 73.1882,
    "image": "https://example.com/fatehgunj.jpg",
    "price": "₹10/hour",
    "available": 30,
    "total": 40,
    "features": [
      "CCTV",
      "Near Market",
      "Open Parking"
    ],
    "rating": 3.9,
    "description": "Affordable parking near Fatehgunj Market."
  }
},
{
  "model": "premises.premise",
  "pk": 10,
  "fields": {
    "name": "Inorbit Mall Vadodara Parking",
    "location": "Inorbit Mall, Vadodara",
    "latitude": 22.3365,
    "longitude": 73.1867,
    "image": "https://example.com/inorbit.jpg",
    "price": "₹30/hour",
    "available": 121,
    "total": 150,
    "features": [
      "CCTV",
      "Covered Parking",
      "Shopping Access"
    ],
    "rating": 4.6,
    "description": "Premium covered parking at Inorbit Mall."
  }
},
{
  "model": "premises.premise",
  "pk": 11,
  "fields": {
    "name": "Alpha One Mall Parking",
    "location": "Vastrapur, Ahmedabad",
    "latitude": 23.0339,
    "longitude": 72.5293,
    "image": "https://example.com/alphaone.jpg",
    "price": "₹30/hour",
    "available": 150,
    "total": 200,
    "features": [
      "CCTV",
      "Covered Parking",
      "Shopping Access"
    ],
    "rating": 4.7,
    "description": "Premium parking at Alpha One Mall."
  }
},
{
  "model": "premises.premise",
  "pk": 12,
  "fields": {
    "name": "Law Garden Parking",
    "location": "Ellis Bridge, Ahmedabad",
    "latitude": 23.0222,
    "longitude": 72.5714,
    "image": "https://example.com/lawgarden.jpg",
    "price": "₹15/hour",
    "available": 52,
    "total": 60,
    "features": [
      "CCTV",
      "Near Market",
      "Open Parking"
    ],
    "rating": 4.2,
    "description": "Spacious parking near Law Garden."
  }
},
{
  "model": "premises.premise",
  "pk": 13,
  "fields": {
    "name": "Ahmedabad Railway Station Parking",
    "location": "Kalupur, Ahmedabad",
    "latitude": 23.0271,
    "longitude": 72.602,
    "image": "https://example.com/kalupur.jpg",
    "price": "₹25/hour",
    "available": 91,
    "total": 120,
    "features": [
      "CCTV",
      "24/7 Access",
      "Near Transport"
    ],
    "rating": 4.1,
    "description": "Convenient parking at Ahmedabad Railway Station."
  }
},
{
  "model": "premises.premise",
  "pk": 14,
  "fields": {
    "name": "CG Road Parking",
    "location": "Navrangpura, Ahmedabad",
    "latitude": 23.0335,
    "longitude": 72.5571,
    "image": "https://example.com/cgroad.jpg",
    "price": "₹20/hour",
    "available": 41,
    "total": 50,
    "features": [
      "CCTV",
      "Near Shopping",
      "Open Parking"
    ],
    "rating": 4.0,
    "description": "Affordable parking on CG Road."
  }
},
{
  "model": "premises.premise",
  "pk": 15,
  "fields": {
    "name": "Science City Parking",
    "location": "Sola, Ahmedabad",
    "latitude": 23.1035,
    "longitude": 72.5416,
    "image": "https://example.com/sciencecity.jpg",
    "price": "₹10/hour",
    "available": 200,
    "total": 250,
    "features": [
      "CCTV",
      "Near Attraction",
      "Open Parking"
    ],
    "rating": 4.3,
    "description": "Large open parking near Science City."
  }
},
{
  "model": "premises.premise",
  "pk": 16,
  "fields": {
    "name": "Maninagar Station Parking",
    "location": "Maninagar, Ahmedabad",
    "latitude": 22.9938,
    "longitude": 72.6036,
    "image": "https://example.com/maninagar.jpg",
    "price": "₹15/hour",
    "available": 74,
    "total": 100,
    "features": [
      "CCTV",
      "Near Transport",
      "Open Parking"
    ],
    "rating": 4.1,
    "description": "Safe parking near Maninagar Railway Station."
  }
},
{
  "model": "premises.premise",
  "pk": 17,
  "fields": {
    "name": "Iscon Mega Mall Parking",
    "location": "SG Highway, Ahmedabad",
    "latitude": 23.027,
    "longitude": 72.498,
    "image": "https://example.com/iscon.jpg",
    "price": "₹30/hour",
    "available": 180,
    "total": 220,
    "features": [
      "CCTV",
      "Covered Parking",
      "Shopping Access"
    ],
    "rating": 4.6,
    "description": "Premium covered parking at Iscon Mega Mall."
  }
},
{
  "model": "premises.premise",
  "pk": 18,
  "fields": {
    "name": "Kankaria Lake Parking",
    "location": "Kankaria, Ahmedabad",
    "latitude": 22.9931,
    "longitude": 72.6038,
    "image": "https://example.com/kankaria.jpg",
    "price": "₹10/hour",
    "available": 300,
    "total": 350,
    "features": [
      "CCTV",
      "Near Attraction",
      "Open Parking"
    ],
    "rating": 4.5,
    "description": "Huge open parking near Kankaria Lake."
  }
},
{
  "model": "premises.premise",
  "pk": 19,
  "fields": {
    "name": "Bapunagar Market Parking",
    "location": "Bapunagar, Ahmedabad",
    "latitude": 23.0331,
    "longitude": 72.6331,
    "image": "https://example.com/bapunagar.jpg",
    "price": "₹10/hour",
    "available": 40,
    "total": 50,
    "features": [
      "CCTV",
      "Near Market",
      "Open Parking"
    ],
    "rating": 3.8,
    "description": "Market-side parking at Bapunagar."
  }
},
{
  "model": "premises.premise",
  "pk": 20,
  "fields": {
    "name": "Nehru Bridge Parking",
    "location": "Ashram Road, Ahmedabad",
    "latitude": 23.0368,
    "longitude": 72.5718,
    "image": "https://example.com/nehru.jpg",
    "price": "₹15/hour",
    "available": 60,
    "total": 80,
    "features": [
      "CCTV",
      "Near Bridge",
      "Open Parking"
    ],
    "rating": 4.0,
    "description": "Convenient parking near Nehru Bridge."
  }
},
{
  "model": "bookings.booking",
  "pk": 1,
  "fields": {
    "user": 1,
    "premise": 1,
    "name": "Test User",
    "phone": "1234567890",
    "duration": 2,
    "booking_time": "2025-08-14T19:05:51.438Z",
    "start_time": "2025-08-14T21:29:54.212Z",
    "end_time": "2025-08-14T21:29:54.208Z",
    "total_price": "30.00",
    "status": "cancelled"
  }
},
{
  "model": "bookings.booking",
  "pk": 2,
  "fields": {
    "user": 1,
    "premise": 8,
    "name": "sarjan",
    "phone": "1234567890",
    "duration": 2,
    "booking_time": "2025-08-14T19:06:33.092Z",
    "start_time": "2025-08-14T21:29:54.212Z",
    "end_time": "2025-08-14T21:29:54.208Z",
    "total_price": "50.00",
    "status": "cancelled"
  }
},
{
  "model": "bookings.booking",
  "pk": 3,
  "fields": {
    "user": 1,
    "premise": 8,
    "name": "sarjan",
    "phone": "1234567890",
    "duration": 2,
    "booking_time": "2025-08-14T19:08:27.301Z",
    "start_time": "2025-08-14T21:29:54.212Z",
    "end_time": "2025-08-14T21:29:54.208Z",
    "total_price": "50.00",
    "status": "cancelled"
  }
},
{
  "model": "bookings.booking",
  "pk": 4,
  "fields": {
    "user": 1,
    "premise": 10,
    "name": "sarjan",
    "phone": "1234567890",
    "duration": 2,
    "booking_time": "2025-08-14T19:09:47.950Z",
    "start_time": "2025-08-14T21:29:54.212Z",
    "end_time": "2025-08-14T21:29:54.208Z",
    "total_price": "60.00",
    "status": "cancelled"
  }
},
{
  "model": "bookings.booking",
  "pk": 5,
  "fields": {
    "user": 1,
    "premise": 1,
    "name": "sarjan",
    "phone": "1234567890",
    "duration": 2,
    "booking_time": "2025-08-14T20:15:55.289Z",
    "start_time": "2025-08-14T21:29:54.212Z",
    "end_time": "2025-08-14T21:29:54.208Z",
    "total_price": "30.00",
    "status": "cancelled"
  }
},
{
  "model": "bookings.booking",
  "pk": 6,
  "fields": {
    "user": 1,
    "premise": 1,
    "name": "s",
    "phone": "1234567890",
    "duration": 1,
    "booking_time": "2025-08-14T20:31:34.235Z",
    "start_time": "2025-08-14T21:29:54.212Z",
    "end_time": "2025-08-14T21:29:54.208Z",
    "total_price": "15.00",
    "status": "cancelled"
  }
},
{
  "model": "bookings.booking",
  "pk": 7,
  "fields": {
    "user": 1,
    "premise": 1,
    "name": "s",
    "phone": "1234567890",
    "duration": 1,
    "booking_time": "2025-08-14T20:31:35.598Z",
    "start_time": "2025-08-14T21:29:54.212Z",
    "end_time": "2025-08-14T21:29:54.208Z",
    "total_price": "15.00",
    "status": "cancelled"
  }
},
{
  "model": "bookings.booking",
  "pk": 8,
  "fields": {
    "user": 1,
    "premise": 1,
    "name": "s",
    "phone": "1234567890",
    "duration": 1,
    "booking_time": "2025-08-14T20:31:36.764Z",
    "start_time": "2025-08-14T21:29:54.212Z",
    "end_time": "2025-08-14T21:29:54.208Z",
    "total_price": "15.00",
    "status": "cancelled"
  }
},
{
  "model": "bookings.booking",
  "pk": 9,
  "fields": {
    "user": 1,
    "premise": 1,
    "name": "s",
    "phone": "1234567890",
    "duration": 1,
    "booking_time": "2025-08-14T20:31:36.947Z",
    "start_time": "2025-08-14T21:29:54.212Z",
    "end_time": "2025-08-14T21:29:54.208Z",
    "total_price": "15.00",
    "status": "cancelled"
  }
},
{
  "model": "bookings.booking",
  "pk": 10,
  "fields": {
    "user": 1,
    "premise": 1,
    "name": "s",
    "phone": "1234567890",
    "duration": 1,
    "booking_time": "2025-08-14T20:31:37.113Z",
    "start_time": "2025-08-14T21:29:54.212Z",
    "end_time": "2025-08-14T21:29:54.208Z",
    "total_price": "15.00",
    "status": "cancelled"
  }
},
{
  "model": "bookings.booking",
  "pk": 11,
  "fields": {
    "user": 1,
    "premise": 1,
    "name": "s",
    "phone": "1234567890",
    "duration": 1,
    "booking_time": "2025-08-14T20:31:37.264Z",
    "start_time": "2025-08-14T21:29:54.212Z",
    "end_time": "2025-08-14T21:29:54.208Z",
    "total_price": "15.00",
    "status": "cancelled"
  }
},
{
  "model": "bookings.booking",
  "pk": 12,
  "fields": {
    "user": 1,
    "premise": 1,
    "name": "s",
    "phone": "1234567890",
    "duration": 1,
    "booking_time": "2025-08-14T20:31:37.430Z",
    "start_time": "2025-08-14T21:29:54.212Z",
    "end_time": "2025-08-14T21:29:54.208Z",
    "total_price": "15.00",
    "status": "cancelled"
  }
},
{
  "model": "bookings.booking",
  "pk": 13,
  "fields": {
    "user": 1,
    "premise": 1,
    "name": "sarjan",
    "phone": "1234567890",
    "duration": 1,
    "booking_time": "2025-08-14T20:33:05.451Z",
    "start_time": "2025-08-14T21:29:54.212Z",
    "end_time": "2025-08-14T21:29:54.208Z",
    "total_price": "15.00",
    "status": "cancelled"
  }
},
{
  "model": "bookings.booking",
  "pk": 14,
  "fields": {
    "user": 1,
    "premise": 3,
    "name": "sarjan",
    "phone": "1234567890",
    "duration": 1,
    "booking_time": "2025-08-14T20:33:09.077Z",
    "start_time": "2025-08-14T21:29:54.212Z",
    "end_time": "2025-08-14T21:29:54.208Z",
    "total_price": "25.00",
    "status": "cancelled"
  }
},
{
  "model": "bookings.booking",
  "pk": 15,
  "fields": {
    "user": 1,
    "premise": 1,
    "name": "s",
    "phone": "1234567890",
    "duration": 1,
    "booking_time": "2025-08-14T20:57:59.275Z",
    "start_time": "2025-08-14T21:29:54.212Z",
    "end_time": "2025-08-14T21:29:54.208Z",
    "total_price": "15.00",
    "status": "cancelled"
  }
},
{
  "model": "bookings.booking",
  "pk": 16,
  "fields": {
    "user": 1,
    "premise": 12,
    "name": "s",
    "phone": "1",
    "duration": 1,
    "booking_time": "2025-08-14T20:58:39.039Z",
    "start_time": "2025-08-14T21:29:54.212Z",
    "end_time": "2025-08-14T21:29:54.208Z",
    "total_price": "15.00",
    "status": "cancelled"
  }
},
{
  "model": "bookings.booking",
  "pk": 17,
  "fields": {
    "user": 1,
    "premise": 4,
    "name": "g",
    "phone": "1",
    "duration": 1,
    "booking_time": "2025-08-14T21:00:29.366Z",
    "start_time": "2025-08-14T21:29:54.212Z",
    "end_time": "2025-08-14T21:29:54.208Z",
    "total_price": "18.00",
    "status": "cancelled"
  }
},
{
  "model": "bookings.booking",
  "pk": 18,
  "fields": {
    "user": 1,
    "premise": 2,
    "name": "s",
    "phone": "1234567890",
    "duration": 1,
    "booking_time": "2025-08-14T21:13:33.841Z",
    "start_time": "2025-08-14T21:29:54.212Z",
    "end_time": "2025-08-14T21:29:54.208Z",
    "total_price": "20.00",
    "status": "completed"
  }
},
{
  "model": "bookings.booking",
  "pk": 19,
  "fields": {
    "user": 1,
    "premise": 11,
    "name": "Sarjan",
    "phone": "1234567890",
    "duration": 1,
    "booking_time": "2025-08-14T21:16:00.828Z",
    "start_time": "2025-08-14T21:29:54.212Z",
    "end_time": "2025-08-14T22:29:54.212Z",
    "total_price": "30.00",
    "status": "cancelled"
  }
},
{
  "model": "bookings.booking",
  "pk": 20,
  "fields": {
    "user": 1,
    "premise": 2,
    "name": "sarjan",
    "phone": "1234567890",
    "duration": 1,
    "booking_time": "2025-08-14T21:22:39.842Z",
    "start_time": "2025-08-14T21:29:54.212Z",
    "end_time": "2025-08-14T21:29:54.208Z",
    "total_price": "20.00",
    "status": "completed"
  }
},
{
  "model": "bookings.booking",
  "pk": 21,
  "fields": {
    "user": 1,
    "premise": 1,
    "name": "sat",
    "phone": "1",
    "duration": 1,
    "booking_time": "2025-08-14T21:38:56.562Z",
    "start_time": "2025-08-14T21:38:56.561Z",
    "end_time": "2025-08-14T22:38:56.561Z",
    "total_price": "15.00",
    "status": "completed"
  }
},
{
  "model": "bookings.booking",
  "pk": 22,
  "fields": {
    "user": 1,
    "premise": 16,
    "name": "sarjan",
    "phone": "7635124578",
    "duration": 6,
    "booking_time": "2025-08-14T21:39:30.128Z",
    "start_time": "2025-08-14T21:39:30.128Z",
    "end_time": "2025-08-15T03:39:30.128Z",
    "total_price": "90.00",
    "status": "cancelled"
  }
},
{
  "model": "bookings.booking",
  "pk": 23,
  "fields": {
    "user": 1,
    "premise": 2,
    "name": "sarjan",
    "phone": "571264",
    "duration": 6,
    "booking_time": "2025-08-14T21:41:31.177Z",
    "start_time": "2025-08-14T21:41:31.176Z",
    "end_time": "2025-08-15T03:41:31.176Z",
    "total_price": "120.00",
    "status": "completed"
  }
},
{
  "model": "bookings.booking",
  "pk": 24,
  "fields": {
    "user": 1,
    "premise": 1,
    "name": "1",
    "phone": "1",
    "duration": 8,
    "booking_time": "2025-08-14T21:42:16.644Z",
    "start_time": "2025-08-14T21:42:16.644Z",
    "end_time": "2025-08-15T05:42:16.644Z",
    "total_price": "120.00",
    "status": "completed"
  }
},
{
  "model": "bookings.booking",
  "pk": 25,
  "fields": {
    "user": 1,
    "premise": 16,
    "name": "sarjan",
    "phone": "1234567890",
    "duration": 1,
    "booking_time": "2025-08-14T22:47:44.498Z",
    "start_time": "2025-08-14T22:47:44.496Z",
    "end_time": "2025-08-14T23:47:44.496Z",
    "total_price": "15.00",
    "status": "cancelled"
  }
},
{
  "model": "bookings.booking",
  "pk": 26,
  "fields": {
    "user": 1,
    "premise": 13,
    "name": "sarjan",
    "phone": "382761873",
    "duration": 1,
    "booking_time": "2025-08-15T08:58:03.706Z",
    "start_time": "2025-08-15T08:58:03.705Z",
    "end_time": "2025-08-15T09:58:03.705Z",
    "total_price": "25.00",
    "status": "completed"
  }
},
{
  "model": "bookings.booking",
  "pk": 27,
  "fields": {
    "user": 1,
    "premise": 1,
    "name": "Sarjan",
    "phone": "6351648593",
    "duration": 3,
    "booking_time": "2025-08-15T11:56:06.218Z",
    "start_time": "2025-08-15T11:56:06.218Z",
    "end_time": "2025-08-15T14:56:06.218Z",
    "total_price": "45.00",
    "status": "completed"
  }
},
{
  "model": "bookings.booking",
  "pk": 28,
  "fields": {
    "user": 1,
    "premise": 3,
    "name": "sarjan",
    "phone": "1",
    "duration": 1,
    "booking_time": "2025-08-16T18:00:23.591Z",
    "start_time": "2025-08-16T18:00:23.591Z",
    "end_time": "2025-08-16T19:00:23.591Z",
    "total_price": "25.00",
    "status": "completed"
  }
},
{
  "model": "bookings.booking",
  "pk": 29,
  "fields": {
    "user": 1,
    "premise": 2,
    "name": "s",
    "phone": "12",
    "duration": 1,
    "booking_time": "2025-08-16T18:01:36.992Z",
    "start_time": "2025-08-16T18:01:36.992Z",
    "end_time": "2025-08-16T19:01:36.992Z",
    "total_price": "20.00",
    "status": "cancelled"
  }
},
{
  "model": "bookings.booking",
  "pk": 30,
  "fields": {
    "user": 1,
    "premise": 4,
    "name": "Sarjan",
    "phone": "6351648593",
    "duration": 4,
    "booking_time": "2025-08-16T18:39:12.951Z",
    "start_time": "2025-08-16T18:39:12.951Z",
    "end_time": "2025-08-16T22:39:12.951Z",
    "total_price": "72.00",
    "status": "cancelled"
  }
},
{
  "model": "bookings.booking",
  "pk": 31,
  "fields": {
    "user": 1,
    "premise": 1,
    "name": "Sarjan",
    "phone": "6351648593",
    "duration": 4,
    "booking_time": "2025-08-16T18:45:20.007Z",
    "start_time": "2025-08-16T18:45:20.006Z",
    "end_time": "2025-08-16T22:45:20.006Z",
    "total_price": "60.00",
    "status": "cancelled"
  }
},
{
  "model": "bookings.booking",
  "pk": 32,
  "fields": {
    "user": 1,
    "premise": 2,
    "name": "sarjan",
    "phone": "6351648593",
    "duration": 7,
    "booking_time": "2025-08-16T19:01:27.983Z",
    "start_time": "2025-08-16T19:01:27.982Z",
    "end_time": "2025-08-17T02:01:27.982Z",
    "total_price": "140.00",
    "status": "cancelled"
  }
},
{
  "model": "bookings.booking",
  "pk": 33,
  "fields": {
    "user": 1,
    "premise": 2,
    "name": "sarjan",
    "phone": "6351648593",
    "duration": 1,
    "booking_time": "2025-08-16T19:07:04.965Z",
    "start_time": "2025-08-16T19:07:04.965Z",
    "end_time": "2025-08-16T20:07:04.965Z",
    "total_price": "20.00",
    "status": "cancelled"
  }
},
{
  "model": "bookings.booking",
  "pk": 34,
  "fields": {
    "user": 1,
    "premise": 3,
    "name": "sarjan",
    "phone": "6351648593",
    "duration": 1,
    "booking_time": "2025-08-16T19:08:24.535Z",
    "start_time": "2025-08-16T19:08:24.534Z",
    "end_time": "2025-08-16T20:08:24.534Z",
    "total_price": "25.00",
    "status": "completed"
  }
},
{
  "model": "bookings.booking",
  "pk": 35,
  "fields": {
    "user": 1,
    "premise": 5,
    "name": "sarjan",
    "phone": "6351648593",
    "duration": 1,
    "booking_time": "2025-08-16T19:14:02.375Z",
    "start_time": "2025-08-16T19:14:02.375Z",
    "end_time": "2025-08-16T20:14:02.375Z",
    "total_price": "22.00",
    "status": "completed"
  }
},
{
  "model": "bookings.booking",
  "pk": 36,
  "fields": {
    "user": 1,
    "premise": 16,
    "name": "Sarjan",
    "phone": "6351648593",
    "duration": 1,
    "booking_time": "2025-08-16T19:21:22.261Z",
    "start_time": "2025-08-16T19:21:22.261Z",
    "end_time": "2025-08-16T20:21:22.261Z",
    "total_price": "15.00",
    "status": "completed"
  }
},
{
  "model": "bookings.booking",
  "pk": 37,
  "fields": {
    "user": 1,
    "premise": 2,
    "name": "sarjan",
    "phone": "6351648593",
    "duration": 1,
    "booking_time": "2025-08-16T19:23:33.112Z",
    "start_time": "2025-08-16T19:23:33.112Z",
    "end_time": "2025-08-16T20:23:33.112Z",
    "total_price": "20.00",
    "status": "completed"
  }
},
{
  "model": "bookings.booking",
  "pk": 38,
  "fields": {
    "user": 1,
    "premise": 1,
    "name": "sarjan",
    "phone": "6351648593",
    "duration": 1,
    "booking_time": "2025-08-16T19:24:23.228Z",
    "start_time": "2025-08-16T19:24:23.228Z",
    "end_time": "2025-08-16T20:24:23.228Z",
    "total_price": "15.00",
    "status": "completed"
  }
},
{
  "model": "bookings.booking",
  "pk": 39,
  "fields": {
    "user": 1,
    "premise": 4,
    "name": "sarjan",
    "phone": "6351648593",
    "duration": 1,
    "booking_time": "2025-08-16T19:25:04.042Z",
    "start_time": "2025-08-16T19:25:04.041Z",
    "end_time": "2025-08-16T20:25:04.041Z",
    "total_price": "18.00",
    "status": "completed"
  }
},
{
  "model": "bookings.booking",
  "pk": 40,
  "fields": {
    "user": 1,
    "premise": 2,
    "name": "sarjan",
    "phone": "6351648593",
    "duration": 1,
    "booking_time": "2025-08-16T19:27:26.709Z",
    "start_time": "2025-08-16T19:27:26.708Z",
    "end_time": "2025-08-16T20:27:26.708Z",
    "total_price": "20.00",
    "status": "completed"
  }
},
{
  "model": "bookings.booking",
  "pk": 41,
  "fields": {
    "user": 1,
    "premise": 4,
    "name": "sarjan",
    "phone": "6351648593",
    "duration": 4,
    "booking_time": "2025-08-16T19:36:14.642Z",
    "start_time": "2025-08-16T19:36:14.642Z",
    "end_time": "2025-08-16T23:36:14.642Z",
    "total_price": "72.00",
    "status": "cancelled"
  }
},
{
  "model": "bookings.booking",
  "pk": 42,
  "fields": {
    "user": 1,
    "premise": 4,
    "name": "sarjan",
    "phone": "6351648593",
    "duration": 1,
    "booking_time": "2025-08-16T19:36:56.657Z",
    "start_time": "2025-08-16T19:36:56.657Z",
    "end_time": "2025-08-16T20:36:56.657Z",
    "total_price": "18.00",
    "status": "cancelled"
  }
},
{
  "model": "bookings.booking",
  "pk": 43,
  "fields": {
    "user": 1,
    "premise": 6,
    "name": "sarjan",
    "phone": "6351648593",
    "duration": 6,
    "booking_time": "2025-08-16T19:37:32.975Z",
    "start_time": "2025-08-16T19:37:32.975Z",
    "end_time": "2025-08-17T01:37:32.975Z",
    "total_price": "120.00",
    "status": "cancelled"
  }
},
{
  "model": "bookings.booking",
  "pk": 44,
  "fields": {
    "user": 1,
    "premise": 2,
    "name": "sarjan",
    "phone": "6351648593",
    "duration": 1,
    "booking_time": "2025-08-16T19:38:53.061Z",
    "start_time": "2025-08-16T19:38:53.060Z",
    "end_time": "2025-08-16T20:38:53.060Z",
    "total_price": "20.00",
    "status": "cancelled"
  }
},
{
  "model": "bookings.booking",
  "pk": 45,
  "fields": {
    "user": 1,
    "premise": 2,
    "name": "sarjan",
    "phone": "6351648593",
    "duration": 1,
    "booking_time": "2025-08-16T19:41:14.707Z",
    "start_time": "2025-08-16T19:41:14.706Z",
    "end_time": "2025-08-16T20:41:14.706Z",
    "total_price": "20.00",
    "status": "completed"
  }
},
{
  "model": "bookings.booking",
  "pk": 46,
  "fields": {
    "user": 1,
    "premise": 10,
    "name": "sarjan",
    "phone": "6351648593",
    "duration": 4,
    "booking_time": "2025-08-17T12:19:36.861Z",
    "start_time": "2025-08-17T12:19:36.861Z",
    "end_time": "2025-08-17T16:19:36.861Z",
    "total_price": "120.00",
    "status": "completed"
  }
},
{
  "model": "bookings.booking",
  "pk": 47,
  "fields": {
    "user": 1,
    "premise": 1,
    "name": "sarjan",
    "phone": "6351648593",
    "duration": 4,
    "booking_time": "2025-08-17T15:22:16.642Z",
    "start_time": "2025-08-17T15:22:16.641Z",
    "end_time": "2025-08-17T19:22:16.641Z",
    "total_price": "60.00",
    "status": "cancelled"
  }
},
{
  "model": "bookings.booking",
  "pk": 48,
  "fields": {
    "user": 1,
    "premise": 1,
    "name": "Sarjan",
    "phone": "6351648593",
    "duration": 4,
    "booking_time": "2025-08-18T19:10:15.750Z",
    "start_time": "2025-08-18T19:10:15.749Z",
    "end_time": "2025-08-18T23:10:15.749Z",
    "total_price": "60.00",
    "status": "completed"
  }
},
{
  "model": "bookings.booking",
  "pk": 50,
  "fields": {
    "user": 1,
    "premise": 2,
    "name": "sarjan",
    "phone": "6351648593",
    "duration": 3,
    "booking_time": "2025-08-19T08:24:17.330Z",
    "start_time": "2025-08-19T08:24:17.329Z",
    "end_time": "2025-08-19T11:24:17.329Z",
    "total_price": "60.00",
    "status": "completed"
  }
},
{
  "model": "bookings.booking",
  "pk": 51,
  "fields": {
    "user": 1,
    "premise": 2,
    "name": "Sarjan",
    "phone": "6351648593",
    "duration": 1,
    "booking_time": "2025-08-19T12:24:17.801Z",
    "start_time": "2025-08-19T12:24:17Z",
    "end_time": "2025-08-19T13:24:17Z",
    "total_price": "20.00",
    "status": "completed"
  }
},
{
  "model": "bookings.booking",
  "pk": 52,
  "fields": {
    "user": 7,
    "premise": 12,
    "name": "sarjan",
    "phone": "6351648593",
    "duration": 7,
    "booking_time": "2025-08-19T12:31:53.492Z",
    "start_time": "2025-08-19T12:31:53.492Z",
    "end_time": "2025-08-19T19:31:53.492Z",
    "total_price": "105.00",
    "status": "completed"
  }
},
{
  "model": "bookings.booking",
  "pk": 53,
  "fields": {
    "user": 1,
    "premise": 16,
    "name": "Sarjan Shah",
    "phone": "6351648593",
    "duration": 4,
    "booking_time": "2025-08-19T18:26:25.601Z",
    "start_time": "2025-08-19T18:26:25Z",
    "end_time": "2025-08-19T22:26:25Z",
    "total_price": "60.00",
    "status": "completed"
  }
},
{
  "model": "bookings.booking",
  "pk": 54,
  "fields": {
    "user": 1,
    "premise": 1,
    "name": "Sarjan Shah",
    "phone": "6351648593",
    "duration": 6,
    "booking_time": "2025-08-20T04:26:25.896Z",
    "start_time": "2025-08-20T04:26:25.896Z",
    "end_time": "2025-08-20T10:26:25.896Z",
    "total_price": "90.00",
    "status": "completed"
  }
},
{
  "model": "bookings.booking",
  "pk": 55,
  "fields": {
    "user": 1,
    "premise": 1,
    "name": "Sarjan Shah",
    "phone": "6351648593",
    "duration": 6,
    "booking_time": "2025-08-20T04:26:40.207Z",
    "start_time": "2025-08-20T04:26:40.207Z",
    "end_time": "2025-08-20T10:26:40.207Z",
    "total_price": "90.00",
    "status": "completed"
  }
},
{
  "model": "bookings.booking",
  "pk": 56,
  "fields": {
    "user": 1,
    "premise": 5,
    "name": "sarjan",
    "phone": "6351648593",
    "duration": 3,
    "booking_time": "2025-08-20T04:57:18.122Z",
    "start_time": "2025-08-20T04:57:18.121Z",
    "end_time": "2025-08-20T07:57:18.121Z",
    "total_price": "66.00",
    "status": "completed"
  }
},
{
  "model": "bookings.booking",
  "pk": 57,
  "fields": {
    "user": 1,
    "premise": 14,
    "name": "Sarjan",
    "phone": "6351648593",
    "duration": 1,
    "booking_time": "2025-08-20T18:27:13.943Z",
    "start_time": "2025-08-20T18:27:13.942Z",
    "end_time": "2025-08-20T19:27:13.942Z",
    "total_price": "20.00",
    "status": "cancelled"
  }
},
{
  "model": "bookings.booking",
  "pk": 58,
  "fields": {
    "user": 1,
    "premise": 2,
    "name": "Sarjan",
    "phone": "6351648593",
    "duration": 5,
    "booking_time": "2025-08-21T07:21:17.066Z",
    "start_time": "2025-08-21T07:21:17.065Z",
    "end_time": "2025-08-21T12:21:17.065Z",
    "total_price": "100.00",
    "status": "completed"
  }
},
{
  "model": "bookings.booking",
  "pk": 59,
  "fields": {
    "user": 1,
    "premise": 4,
    "name": "Nishi",
    "phone": "6351648593",
    "duration": 1,
    "booking_time": "2025-08-21T07:21:33.016Z",
    "start_time": "2025-08-21T07:21:33.016Z",
    "end_time": "2025-08-21T08:21:33.016Z",
    "total_price": "18.00",
    "status": "cancelled"
  }
},
{
  "model": "bookings.booking",
  "pk": 60,
  "fields": {
    "user": 1,
    "premise": 1,
    "name": "sarjan",
    "phone": "6351648593",
    "duration": 1,
    "booking_time": "2025-08-22T17:15:02.743Z",
    "start_time": "2025-08-22T17:15:02.743Z",
    "end_time": "2025-08-22T18:15:02.743Z",
    "total_price": "15.00",
    "status": "completed"
  }
},
{
  "model": "bookings.booking",
  "pk": 61,
  "fields": {
    "user": 1,
    "premise": 1,
    "name": "sarjan",
    "phone": "6351648593",
    "duration": 1,
    "booking_time": "2025-08-22T17:16:31.754Z",
    "start_time": "2025-08-22T17:16:31.754Z",
    "end_time": "2025-08-22T18:16:31.754Z",
    "total_price": "15.00",
    "status": "completed"
  }
},
{
  "model": "bookings.booking",
  "pk": 62,
  "fields": {
    "user": 1,
    "premise": 1,
    "name": "Sarjan",
    "phone": "6351648593",
    "duration": 1,
    "booking_time": "2025-08-22T17:17:32.738Z",
    "start_time": "2025-08-22T17:17:32.738Z",
    "end_time": "2025-08-22T18:17:32.738Z",
    "total_price": "15.00",
    "status": "cancelled"
  }
},
{
  "model": "bookings.booking",
  "pk": 63,
  "fields": {
    "user": 1,
    "premise": 12,
    "name": "Sarjan",
    "phone": "6351648593",
    "duration": 3,
    "booking_time": "2025-08-22T20:57:30.794Z",
    "start_time": "2025-08-22T20:57:30.794Z",
    "end_time": "2025-08-22T23:57:30.794Z",
    "total_price": "45.00",
    "status": "completed"
  }
},
{
  "model": "payments.payment",
  "pk": 1,
  "fields": {
    "user": 1,
    "plan_id": "standard",
    "billing_period": "month",
    "amount_paid": "399.00",
    "stripe_session_id": "cs_test_a1JUhpgtxyRnfoGQiZsKrxUSLuMY4OS7hUTgchkT5v4yFszAu5n2sGOyXX",
    "stripe_subscription_id": "sub_1RwNRQ1yRBtzWAxgUWBFcBhz",
    "stripe_payment_intent_id": null,
    "created_at": "2025-08-15T13:13:11.390Z",
    "expires_at": null,
    "status": "completed"
  }
},
{
  "model": "payments.payment",
  "pk": 2,
  "fields": {
    "user": 1,
    "plan_id": "premium",
    "billing_period": "year",
    "amount_paid": "6999.00",
    "stripe_session_id": "cs_test_a1mfI2wftKckDZkFOtc246i8H3MBjNn026FHJh93NqLlTEe9TWhqBCFtck",
    "stripe_subscription_id": "sub_1RwNVB1yRBtzWAxggmCKiTKc",
    "stripe_payment_intent_id": null,
    "created_at": "2025-08-15T13:17:04.802Z",
    "expires_at": null,
    "status": "completed"
  }
},
{
  "model": "payments.payment",
  "pk": 3,
  "fields": {
    "user": 1,
    "plan_id": "standard",
    "billing_period": "month",
    "amount_paid": "399.00",
    "stripe_session_id": "cs_test_a19nIyXaJ6lAMLzpXeKK616sh0gfsL4DUPk8cMafJOzUeQ2aPxn036PJgw",
    "stripe_subscription_id": "sub_1RwVYq1yRBtzWAxgCQFAdYVl",
    "stripe_payment_intent_id": null,
    "created_at": "2025-08-15T21:53:24.223Z",
    "expires_at": null,
    "status": "completed"
  }
},
{
  "model": "payments.payment",
  "pk": 4,
  "fields": {
    "user": 1,
    "plan_id": "standard",
    "billing_period": "month",
    "amount_paid": "399.00",
    "stripe_session_id": "cs_test_a1bHfiWNkGfg8NAnQKBMJkqmH0TbLwWeBJQOBEQzU3x1bYZjWeNBbcezYG",
    "stripe_subscription_id": "sub_1Rwmx71yRBtzWAxgWpPKEdAj",
    "stripe_payment_intent_id": null,
    "created_at": "2025-08-16T16:27:36.819Z",
    "expires_at": null,
    "status": "completed"
  }
},
{
  "model": "payments.payment",
  "pk": 5,
  "fields": {
    "user": 1,
    "plan_id": "premium",
    "billing_period": "year",
    "amount_paid": "6999.00",
    "stripe_session_id": "cs_test_a1iOxSY1T9uZoIv3Fs6Hxr7U2dYdkEIqOsmSIRZrlzWzm1aWkwNDmJlCH9",
    "stripe_subscription_id": "sub_1RwmyE1yRBtzWAxgDpH2Agzx",
    "stripe_payment_intent_id": null,
    "created_at": "2025-08-16T16:28:45.626Z",
    "expires_at": null,
    "status": "completed"
  }
},
{
  "model": "payments.payment",
  "pk": 6,
  "fields": {
    "user": 1,
    "plan_id": "standard",
    "billing_period": "month",
    "amount_paid": "399.00",
    "stripe_session_id": "cs_test_a1OLwaQtkCiwM9w2MtL1bxMssSDeouqH4gEj70TnRFFcpZ88Y8N0EHkZwn",
    "stripe_subscription_id": "sub_1Rx5bE1yRBtzWAxgZybnOoPZ",
    "stripe_payment_intent_id": null,
    "created_at": "2025-08-17T12:22:15.653Z",
    "expires_at": null,
    "status": "completed"
  }
},
{
  "model": "payments.payment",
  "pk": 7,
  "fields": {
    "user": 1,
    "plan_id": "standard",
    "billing_period": "month",
    "amount_paid": "399.00",
    "stripe_session_id": "cs_test_a1lxXTfLXb6wmDdyR8U7MdUhONI9O4LITxxZjfJk8BZrUBGQ2NQ3omTojZ",
    "stripe_subscription_id": "sub_1Rx69q1yRBtzWAxgRl15nV25",
    "stripe_payment_intent_id": null,
    "created_at": "2025-08-17T12:58:01.542Z",
    "expires_at": null,
    "status": "completed"
  }
},
{
  "model": "payments.payment",
  "pk": 8,
  "fields": {
    "user": 1,
    "plan_id": "standard",
    "billing_period": "month",
    "amount_paid": "399.00",
    "stripe_session_id": "cs_test_a1DPkFeTWNuGj4E9UKDCKgP7SfR55FkEtTzQL6TVpGpds6ZYa55IQH5f2c",
    "stripe_subscription_id": "sub_1Rx8P01yRBtzWAxg08kYj30u",
    "stripe_payment_intent_id": null,
    "created_at": "2025-08-17T15:21:50.026Z",
    "expires_at": null,
    "status": "completed"
  }
},
{
  "model": "payments.payment",
  "pk": 9,
  "fields": {
    "user": 1,
    "plan_id": "basic",
    "billing_period": "year",
    "amount_paid": "1999.00",
    "stripe_session_id": "cs_test_a1enHEnzRcz9KoB4UUa3c1yRsZwusd9YPRKIo9owSSVzMOdAS53xHH8aZX",
    "stripe_subscription_id": "sub_1RxaU91yRBtzWAxgMm4lb0r3",
    "stripe_payment_intent_id": null,
    "created_at": "2025-08-18T21:21:01.210Z",
    "expires_at": null,
    "status": "completed"
  }
},
{
  "model": "payments.payment",
  "pk": 10,
  "fields": {
    "user": 1,
    "plan_id": "standard",
    "billing_period": "month",
    "amount_paid": "399.00",
    "stripe_session_id": "cs_test_a1XfrmjOaC9Q8FlBS53VgzxBs8AsoGEUp4jHBN5kP33o4nieLIebtesZMJ",
    "stripe_subscription_id": "sub_1Rxkr21yRBtzWAxgBOWIVel9",
    "stripe_payment_intent_id": null,
    "created_at": "2025-08-19T08:25:19.940Z",
    "expires_at": null,
    "status": "completed"
  }
},
{
  "model": "payments.payment",
  "pk": 11,
  "fields": {
    "user": 1,
    "plan_id": "standard",
    "billing_period": "month",
    "amount_paid": "399.00",
    "stripe_session_id": "cs_test_a1g29HJdZyOS3yESfTnQDzS59XyDaxDeW9g1IM6VP2iKAUF02ZuGWSgHpA",
    "stripe_subscription_id": "sub_1RxmLs1yRBtzWAxgmB6pvJfi",
    "stripe_payment_intent_id": null,
    "created_at": "2025-08-19T10:01:16.183Z",
    "expires_at": null,
    "status": "completed"
  }
},
{
  "model": "payments.payment",
  "pk": 12,
  "fields": {
    "user": 1,
    "plan_id": "standard",
    "billing_period": "month",
    "amount_paid": "399.00",
    "stripe_session_id": "cs_test_a1JmgzB2xipvah7ldExoDJonbYZkxaV5OlFvZOAt3qNQ634XB7b7nnxr3R",
    "stripe_subscription_id": "sub_1RxuGb1yRBtzWAxgMtpWbESs",
    "stripe_payment_intent_id": null,
    "created_at": "2025-08-19T18:28:21.138Z",
    "expires_at": null,
    "status": "completed"
  }
},
{
  "model": "payments.payment",
  "pk": 13,
  "fields": {
    "user": 1,
    "plan_id": "standard",
    "billing_period": "month",
    "amount_paid": "399.00",
    "stripe_session_id": "cs_test_a162MSz52kXYOfQpRoEoQwrhliyi9qJemMHqSuMbML2IWIuPumdUCPCI96",
    "stripe_subscription_id": "sub_1Ry3YY1yRBtzWAxgGdnySJh2",
    "stripe_payment_intent_id": null,
    "created_at": "2025-08-20T04:23:31.968Z",
    "expires_at": null,
    "status": "completed"
  }
},
{
  "model": "payments.payment",
  "pk": 14,
  "fields": {
    "user": 1,
    "plan_id": "standard",
    "billing_period": "month",
    "amount_paid": "399.00",
    "stripe_session_id": "cs_test_a1m0h3n1g61yOzC7XTD0vMGsLtetSn1HRNbKLRO6Ldo6RlZ95vpHEHshQw",
    "stripe_subscription_id": "sub_1RyGHi1yRBtzWAxgjuHcMqBc",
    "stripe_payment_intent_id": null,
    "created_at": "2025-08-20T17:58:57.636Z",
    "expires_at": null,
    "status": "completed"
  }
},
{
  "model": "payments.payment",
  "pk": 15,
  "fields": {
    "user": 1,
    "plan_id": "premium",
    "billing_period": "year",
    "amount_paid": "6999.00",
    "stripe_session_id": "cs_test_a1SA4sfuTl8pOr9tzz8cy3WcqyylfTZWcFggcAr7lnd0a7qeFFf14hhN2d",
    "stripe_subscription_id": "sub_1RyGk31yRBtzWAxgU6PFQqlH",
    "stripe_payment_intent_id": null,
    "created_at": "2025-08-20T18:28:14.210Z",
    "expires_at": null,
    "status": "completed"
  }
},
{
  "model": "payments.payment",
  "pk": 16,
  "fields": {
    "user": 1,
    "plan_id": "standard",
    "billing_period": "month",
    "amount_paid": "399.00",
    "stripe_session_id": "cs_test_a1LuBcJH0HhFPnzv9uVd0AltRqthIaFKtF9pEAYyXqOmuCLiLrEq1yHqyx",
    "stripe_subscription_id": "sub_1RyyVq1yRBtzWAxgkj64Efp3",
    "stripe_payment_intent_id": null,
    "created_at": "2025-08-22T17:12:29.342Z",
    "expires_at": null,
    "status": "completed"
  }
},
{
  "model": "payments.payment",
  "pk": 17,
  "fields": {
    "user": 1,
    "plan_id": "basic",
    "billing_period": "year",
    "amount_paid": "1999.00",
    "stripe_session_id": "cs_test_a1hRs2y9yISUwkVxz0yjzrIfGuLLtoJwdaHxs7ZDMm61hy4xQ71SB97UlC",
    "stripe_subscription_id": "sub_1Rz1te1yRBtzWAxgcKR8eVLq",
    "stripe_payment_intent_id": null,
    "created_at": "2025-08-22T20:49:17.801Z",
    "expires_at": null,
    "status": "completed"
  }
},
{
  "model": "reviews.review",
  "pk": 3,
  "fields": {
    "name": "Sarjan",
    "rating": 5,
    "review": "Very smooth experience",
    "created_at": "2025-08-19T14:13:06.951Z",
    "approved": true
  }
},
{
  "model": "reviews.review",
  "pk": 4,
  "fields": {
    "name": "Mitesh",
    "rating": 5,
    "review": "Awesome experience",
    "created_at": "2025-08-19T14:15:49.810Z",
    "approved": true
  }
},
{
  "model": "reviews.review",
  "pk": 5,
  "fields": {
    "name": "Bhavya",
    "rating": 4,
    "review": "I would surely recommend using the app",
    "created_at": "2025-08-19T14:16:23.196Z",
    "approved": true
  }
},
{
  "model": "reviews.review",
  "pk": 6,
  "fields": {
    "name": "Vritti",
    "rating": 3,
    "review": "Good experience",
    "created_at": "2025-08-19T14:21:50.164Z",
    "approved": true
  }
},
{
  "model": "reviews.review",
  "pk": 7,
  "fields": {
    "name": "Nishka",
    "rating": 4,
    "review": "Great execution",
    "created_at": "2025-08-19T14:22:04.130Z",
    "approved": true
  }
},
{
  "model": "reviews.review",
  "pk": 8,
  "fields": {
    "name": "Devam",
    "rating": 1,
    "review": "Can improve on the cleanliness",
    "created_at": "2025-08-19T14:22:19.578Z",
    "approved": true
  }
},
{
  "model": "reviews.review",
  "pk": 9,
  "fields": {
    "name": "Sneh",
    "rating": 5,
    "review": "wow",
    "created_at": "2025-08-19T17:56:53.714Z",
    "approved": true
  }
},
{
  "model": "reviews.review",
  "pk": 10,
  "fields": {
    "name": "Vasna",
    "rating": 5,
    "review": "wow",
    "created_at": "2025-08-19T18:31:37.035Z",
    "approved": true
  }
},
{
  "model": "reviews.review",
  "pk": 11,
  "fields": {
    "name": "fr",
    "rating": 3,
    "review": "fehwf",
    "created_at": "2025-08-20T04:56:42.369Z",
    "approved": true
  }
},
{
  "model": "reviews.review",
  "pk": 12,
  "fields": {
    "name": "Sarjan Shah",
    "rating": 5,
    "review": "I love the app",
    "created_at": "2025-08-20T18:28:59.500Z",
    "approved": true
  }
},
{
  "model": "reviews.review",
  "pk": 13,
  "fields": {
    "name": "Suresh",
    "rating": 2,
    "review": "okok",
    "created_at": "2025-08-22T20:42:15.718Z",
    "approved": true
  }
},
{
  "model": "reviews.review",
  "pk": 14,
  "fields": {
    "name": "Ramesh",
    "rating": 5,
    "review": "Woah",
    "created_at": "2025-08-22T20:42:33.411Z",
    "approved": true
  }
},
{
  "model": "mess.contactmessage",
  "pk": 1,
  "fields": {
    "name": "Sarjan Shah",
    "email": "spottedghost65@gmail.com",
    "message": "i tried to hit the glass",
    "created_at": "2025-08-15T21:14:38.471Z"
  }
},
{
  "model": "mess.contactmessage",
  "pk": 2,
  "fields": {
    "name": "hi",
    "email": "shahsarjan968@gmail.com",
    "message": "help",
    "created_at": "2025-08-16T19:32:31.109Z"
  }
},
{
  "model": "mess.contactmessage",
  "pk": 3,
  "fields": {
    "name": "Sadhna Bhavan",
    "email": "23002170210114@mail.ljku.edu.in",
    "message": "abcdefghijklmnopqrstuvwxyz\n",
    "created_at": "2025-08-16T19:33:21.471Z"
  }
},
{
  "model": "mess.contactmessage",
  "pk": 4,
  "fields": {
    "name": "Sarjan ",
    "email": "shahsarjan968@gmail.com",
    "message": "i want a refund ",
    "created_at": "2025-08-20T18:28:39.971Z"
  }
}
]
